"Date","Country","Indicator","Value"
1990,"brazil","crime_rate",12.927
1990,"brazil","exp_years_of_school",12.927
1990,"brazil","mean_years_of_school",3.685
1990,"brazil","unemployment_",NA
1990,"brazil","gini_coef",60.4999
1990,"brazil","GDP",6086.077553
1990,"canada","crime_rate",2.3755
1990,"canada","exp_years_of_school",16.69
1990,"canada","mean_years_of_school",10.75
1990,"canada","unemployment_",NA
1990,"canada","gini_coef",31.5362
1990,"canada","GDP",31700.54627
1990,"costa_rica","crime_rate",4.4012
1990,"costa_rica","exp_years_of_school",9.74
1990,"costa_rica","mean_years_of_school",6.246
1990,"costa_rica","unemployment_",NA
1990,"costa_rica","gini_coef",45.5893
1990,"costa_rica","GDP",5967.190942
1990,"germany","crime_rate",1.173
1990,"germany","exp_years_of_school",14.377
1990,"germany","mean_years_of_school",10.364
1990,"germany","unemployment_",NA
1990,"germany","gini_coef",NA
1990,"germany","GDP",29485.70997
1990,"uk","crime_rate",1.2471
1990,"uk","exp_years_of_school",13.641
1990,"uk","mean_years_of_school",9.635
1990,"uk","unemployment_",NA
1990,"uk","gini_coef",35.197
1990,"uk","GDP",30874.50893
1990,"us","crime_rate",9.4476
1990,"us","exp_years_of_school",15.601
1990,"us","mean_years_of_school",12.984
1990,"us","unemployment_",NA
1990,"us","gini_coef",38.2504
1990,"us","GDP",39200.06581
1991,"brazil","crime_rate",12.971
1991,"brazil","exp_years_of_school",12.971
1991,"brazil","mean_years_of_school",3.831
1991,"brazil","unemployment_",6.254
1991,"brazil","gini_coef",48.67752096
1991,"brazil","GDP",6043.432634
1991,"canada","crime_rate",2.6913
1991,"canada","exp_years_of_school",16.97
1991,"canada","mean_years_of_school",10.921
1991,"canada","unemployment_",10.32
1991,"canada","gini_coef",31.3396
1991,"canada","GDP",30654.33314
1991,"costa_rica","crime_rate",4.0748
1991,"costa_rica","exp_years_of_school",9.978
1991,"costa_rica","mean_years_of_school",6.207
1991,"costa_rica","unemployment_",5.37
1991,"costa_rica","gini_coef",46.5334
1991,"costa_rica","GDP",5949.49634
1991,"germany","crime_rate",1.4122
1991,"germany","exp_years_of_school",14.565
1991,"germany","mean_years_of_school",10.574
1991,"germany","unemployment_",5.32
1991,"germany","gini_coef",29.2873
1991,"germany","GDP",30766.92896
1991,"uk","crime_rate",1.28
1991,"uk","exp_years_of_school",13.919
1991,"uk","mean_years_of_school",9.724
1991,"uk","unemployment_",8.55
1991,"uk","gini_coef",34.2818
1991,"uk","GDP",30439.64586
1991,"us","crime_rate",9.8199
1991,"us","exp_years_of_school",15.533
1991,"us","mean_years_of_school",13.031
1991,"us","unemployment_",6.8
1991,"us","gini_coef",38.4858
1991,"us","GDP",38637.83981
1992,"brazil","crime_rate",13.017
1992,"brazil","exp_years_of_school",13.017
1992,"brazil","mean_years_of_school",3.977
1992,"brazil","unemployment_",6.42
1992,"brazil","gini_coef",53.165
1992,"brazil","GDP",5911.687023
1992,"canada","crime_rate",2.5858
1992,"canada","exp_years_of_school",17.106
1992,"canada","mean_years_of_school",11.095
1992,"canada","unemployment_",11.2
1992,"canada","gini_coef",31.432
1992,"canada","GDP",30563.37882
1992,"costa_rica","crime_rate",4.8165
1992,"costa_rica","exp_years_of_school",10.242
1992,"costa_rica","mean_years_of_school",6.49
1992,"costa_rica","unemployment_",3.93
1992,"costa_rica","gini_coef",45.088
1992,"costa_rica","GDP",6335.51657
1992,"germany","crime_rate",1.4438
1992,"germany","exp_years_of_school",14.755
1992,"germany","mean_years_of_school",10.784
1992,"germany","unemployment_",6.32
1992,"germany","gini_coef",29.326
1992,"germany","GDP",31121.07057
1992,"uk","crime_rate",1.5109
1992,"uk","exp_years_of_school",14.265
1992,"uk","mean_years_of_school",9.813
1992,"uk","unemployment_",9.77
1992,"uk","gini_coef",34.5472
1992,"uk","GDP",30479.197
1992,"us","crime_rate",9.3112
1992,"us","exp_years_of_school",15.728
1992,"us","mean_years_of_school",13.078
1992,"us","unemployment_",7.5
1992,"us","gini_coef",38.2815
1992,"us","GDP",39447.94729
1993,"brazil","crime_rate",13.062
1993,"brazil","exp_years_of_school",13.062
1993,"brazil","mean_years_of_school",4.123
1993,"brazil","unemployment_",6.03
1993,"brazil","gini_coef",60.56
1993,"brazil","GDP",6103.377215
1993,"canada","crime_rate",2.1836
1993,"canada","exp_years_of_school",16.728
1993,"canada","mean_years_of_school",11.268
1993,"canada","unemployment_",11.38
1993,"canada","gini_coef",31.5926
1993,"canada","GDP",31032.7546
1993,"costa_rica","crime_rate",4.6985
1993,"costa_rica","exp_years_of_school",10.394
1993,"costa_rica","mean_years_of_school",6.717
1993,"costa_rica","unemployment_",3.95
1993,"costa_rica","gini_coef",45.8076
1993,"costa_rica","GDP",6618.921108
1993,"germany","crime_rate",1.673
1993,"germany","exp_years_of_school",15.478
1993,"germany","mean_years_of_school",10.995
1993,"germany","unemployment_",7.68
1993,"germany","gini_coef",28.2086
1993,"germany","GDP",30615.14021
1993,"uk","crime_rate",1.5352
1993,"uk","exp_years_of_school",14.462
1993,"uk","mean_years_of_school",9.902
1993,"uk","unemployment_",10.35
1993,"uk","gini_coef",35.596
1993,"uk","GDP",31163.27534
1993,"us","crime_rate",9.4776
1993,"us","exp_years_of_school",15.924
1993,"us","mean_years_of_school",13.125
1993,"us","unemployment_",6.9
1993,"us","gini_coef",40.311
1993,"us","GDP",40002.47623
1994,"brazil","crime_rate",13.107
1994,"brazil","exp_years_of_school",13.107
1994,"brazil","mean_years_of_school",4.269
1994,"brazil","unemployment_",6.577
1994,"brazil","gini_coef",61.03184455
1994,"brazil","GDP",6358.678787
1994,"canada","crime_rate",2.0565
1994,"canada","exp_years_of_school",16.887
1994,"canada","mean_years_of_school",11.442
1994,"canada","unemployment_",10.4
1994,"canada","gini_coef",31.381
1994,"canada","GDP",32074.15624
1994,"costa_rica","crime_rate",5.2162
1994,"costa_rica","exp_years_of_school",10.547
1994,"costa_rica","mean_years_of_school",6.733
1994,"costa_rica","unemployment_",4.05
1994,"costa_rica","gini_coef",46.296
1994,"costa_rica","GDP",6751.919255
1994,"germany","crime_rate",2.4097
1994,"germany","exp_years_of_school",15.645
1994,"germany","mean_years_of_school",11.205
1994,"germany","unemployment_",8.73
1994,"germany","gini_coef",29.9415
1994,"germany","GDP",31238.87906
1994,"uk","crime_rate",1.5904
1994,"uk","exp_years_of_school",14.659
1994,"uk","mean_years_of_school",9.991
1994,"uk","unemployment_",9.65
1994,"uk","gini_coef",35.8922
1994,"uk","GDP",32279.53374
1994,"us","crime_rate",8.8938
1994,"us","exp_years_of_school",15.958
1994,"us","mean_years_of_school",13.172
1994,"us","unemployment_",6.12
1994,"us","gini_coef",39.5397
1994,"us","GDP",41106.98818
1995,"brazil","crime_rate",13.153
1995,"brazil","exp_years_of_school",13.153
1995,"brazil","mean_years_of_school",4.415
1995,"brazil","unemployment_",7.09
1995,"brazil","gini_coef",59.0365
1995,"brazil","GDP",6524.518853
1995,"canada","crime_rate",2.0041
1995,"canada","exp_years_of_school",16.873
1995,"canada","mean_years_of_school",11.615
1995,"canada","unemployment_",9.49
1995,"canada","gini_coef",31.958
1995,"canada","GDP",32595.45152
1995,"costa_rica","crime_rate",5.1499
1995,"costa_rica","exp_years_of_school",10.699
1995,"costa_rica","mean_years_of_school",6.963
1995,"costa_rica","unemployment_",5.18
1995,"costa_rica","gini_coef",45.0135
1995,"costa_rica","GDP",6867.637672
1995,"germany","crime_rate",2.5048
1995,"germany","exp_years_of_school",15.753
1995,"germany","mean_years_of_school",11.416
1995,"germany","unemployment_",8.16
1995,"germany","gini_coef",28.1273
1995,"germany","GDP",31628.15981
1995,"uk","crime_rate",1.5536
1995,"uk","exp_years_of_school",14.856
1995,"uk","mean_years_of_school",10.08
1995,"uk","unemployment_",8.69
1995,"uk","gini_coef",35.664
1995,"uk","GDP",33009.30415
1995,"us","crime_rate",8.1329
1995,"us","exp_years_of_school",15.944
1995,"us","mean_years_of_school",13.137
1995,"us","unemployment_",5.65
1995,"us","gini_coef",39.3615
1995,"us","GDP",41710.82072
1996,"brazil","crime_rate",13.199
1996,"brazil","exp_years_of_school",13.199
1996,"brazil","mean_years_of_school",4.587
1996,"brazil","unemployment_",8.03
1996,"brazil","gini_coef",59.732
1996,"brazil","GDP",6567.352461
1996,"canada","crime_rate",2.1423
1996,"canada","exp_years_of_school",16.833
1996,"canada","mean_years_of_school",11.789
1996,"canada","unemployment_",9.62
1996,"canada","gini_coef",32.8053
1996,"canada","GDP",32801.30185
1996,"costa_rica","crime_rate",5.1693
1996,"costa_rica","exp_years_of_school",10.851
1996,"costa_rica","mean_years_of_school",6.941
1996,"costa_rica","unemployment_",6.16
1996,"costa_rica","gini_coef",46.9103
1996,"costa_rica","GDP",6801.655421
1996,"germany","crime_rate",2.3653
1996,"germany","exp_years_of_school",15.864
1996,"germany","mean_years_of_school",11.616
1996,"germany","unemployment_",8.82
1996,"germany","gini_coef",27.3777
1996,"germany","GDP",31790.86686
1996,"uk","crime_rate",1.4463
1996,"uk","exp_years_of_school",15.053
1996,"uk","mean_years_of_school",10.204
1996,"uk","unemployment_",8.19
1996,"uk","gini_coef",35.524
1996,"uk","GDP",33775.5009
1996,"us","crime_rate",7.3034
1996,"us","exp_years_of_school",15.846
1996,"us","mean_years_of_school",13.103
1996,"us","unemployment_",5.45
1996,"us","gini_coef",40.8332
1996,"us","GDP",42783.81657
1997,"brazil","crime_rate",13.245
1997,"brazil","exp_years_of_school",13.245
1997,"brazil","mean_years_of_school",4.758
1997,"brazil","unemployment_",9
1997,"brazil","gini_coef",59.3734
1997,"brazil","GDP",6689.199377
1997,"canada","crime_rate",1.961
1997,"canada","exp_years_of_school",16.363
1997,"canada","mean_years_of_school",11.963
1997,"canada","unemployment_",9.1
1997,"canada","gini_coef",33.6943
1997,"canada","GDP",33867.00791
1997,"costa_rica","crime_rate",5.6158
1997,"costa_rica","exp_years_of_school",11.003
1997,"costa_rica","mean_years_of_school",7.115
1997,"costa_rica","unemployment_",5.68
1997,"costa_rica","gini_coef",45.9028
1997,"costa_rica","GDP",7014.530061
1997,"germany","crime_rate",2.2103
1997,"germany","exp_years_of_school",15.948
1997,"germany","mean_years_of_school",11.817
1997,"germany","unemployment_",9.86
1997,"germany","gini_coef",28.6725
1997,"germany","GDP",32313.29707
1997,"uk","crime_rate",1.485
1997,"uk","exp_years_of_school",15.25
1997,"uk","mean_years_of_school",10.328
1997,"uk","unemployment_",7.07
1997,"uk","gini_coef",35.5163
1997,"uk","GDP",35347.76354
1997,"us","crime_rate",6.6844
1997,"us","exp_years_of_school",15.789
1997,"us","mean_years_of_school",13.068
1997,"us","unemployment_",5
1997,"us","gini_coef",40.4158
1997,"us","GDP",44151.68604
1998,"brazil","crime_rate",13.291
1998,"brazil","exp_years_of_school",13.291
1998,"brazil","mean_years_of_school",4.93
1998,"brazil","unemployment_",10.15
1998,"brazil","gini_coef",59.541
1998,"brazil","GDP",6613.983181
1998,"canada","crime_rate",1.8544
1998,"canada","exp_years_of_school",15.892
1998,"canada","mean_years_of_school",12.136
1998,"canada","unemployment_",8.28
1998,"canada","gini_coef",33.7245
1998,"canada","GDP",34894.61343
1998,"costa_rica","crime_rate",5.8617
1998,"costa_rica","exp_years_of_school",11.156
1998,"costa_rica","mean_years_of_school",7.322
1998,"costa_rica","unemployment_",5.33
1998,"costa_rica","gini_coef",45.8052
1998,"costa_rica","GDP",7355.153636
1998,"germany","crime_rate",1.9651
1998,"germany","exp_years_of_school",16.02
1998,"germany","mean_years_of_school",12.018
1998,"germany","unemployment_",9.79
1998,"germany","gini_coef",28.037
1998,"germany","GDP",32959.07357
1998,"uk","crime_rate",1.576
1998,"uk","exp_years_of_school",15.447
1998,"uk","mean_years_of_school",10.451
1998,"uk","unemployment_",6.2
1998,"uk","gini_coef",36.1472
1998,"uk","GDP",36448.26422
1998,"us","crime_rate",6.1537
1998,"us","exp_years_of_school",15.732
1998,"us","mean_years_of_school",13.033
1998,"us","unemployment_",4.51
1998,"us","gini_coef",39.1783
1998,"us","GDP",45596.43068
1999,"brazil","crime_rate",13.337
1999,"brazil","exp_years_of_school",13.337
1999,"brazil","mean_years_of_school",5.101
1999,"brazil","unemployment_",11.13
1999,"brazil","gini_coef",58.037
1999,"brazil","GDP",6551.226671
1999,"canada","crime_rate",1.773
1999,"canada","exp_years_of_school",15.808
1999,"canada","mean_years_of_school",12.31
1999,"canada","unemployment_",7.58
1999,"canada","gini_coef",33.0935
1999,"canada","GDP",36391.53533
1999,"costa_rica","crime_rate",6.2797
1999,"costa_rica","exp_years_of_school",11.308
1999,"costa_rica","mean_years_of_school",7.305
1999,"costa_rica","unemployment_",5.9
1999,"costa_rica","gini_coef",47.139
1999,"costa_rica","GDP",7507.965381
1999,"germany","crime_rate",1.6259
1999,"germany","exp_years_of_school",16.092
1999,"germany","mean_years_of_school",12.219
1999,"germany","unemployment_",8.85
1999,"germany","gini_coef",29.7978
1999,"germany","GDP",33559.39937
1999,"uk","crime_rate",1.569
1999,"uk","exp_years_of_school",15.804
1999,"uk","mean_years_of_school",10.575
1999,"uk","unemployment_",6.04
1999,"uk","gini_coef",36.378
1999,"uk","GDP",37440.79406
1999,"us","crime_rate",5.5598
1999,"us","exp_years_of_school",15.591
1999,"us","mean_years_of_school",12.998
1999,"us","unemployment_",4.22
1999,"us","gini_coef",39.4423
1999,"us","GDP",47234.24553
2000,"brazil","crime_rate",13.383
2000,"brazil","exp_years_of_school",13.383
2000,"brazil","mean_years_of_school",5.273
2000,"brazil","unemployment_",10.894
2000,"brazil","gini_coef",57.62700194
2000,"brazil","GDP",6745.857771
2000,"canada","crime_rate",1.7795
2000,"canada","exp_years_of_school",15.759
2000,"canada","mean_years_of_school",12.484
2000,"canada","unemployment_",6.83
2000,"canada","gini_coef",33.8295
2000,"canada","GDP",37906.86012
2000,"costa_rica","crime_rate",6.2576
2000,"costa_rica","exp_years_of_school",11.46
2000,"costa_rica","mean_years_of_school",7.142
2000,"costa_rica","unemployment_",5.08
2000,"costa_rica","gini_coef",47.0414
2000,"costa_rica","GDP",7646.027372
2000,"germany","crime_rate",1.6726
2000,"germany","exp_years_of_school",16.163
2000,"germany","mean_years_of_school",12.42
2000,"germany","unemployment_",7.92
2000,"germany","gini_coef",28.814
2000,"germany","GDP",34490.07577
2000,"uk","crime_rate",1.5548
2000,"uk","exp_years_of_school",15.996
2000,"uk","mean_years_of_school",10.699
2000,"uk","unemployment_",5.56
2000,"uk","gini_coef",38.8642
2000,"uk","GDP",38918.45506
2000,"us","crime_rate",5.5192
2000,"us","exp_years_of_school",15.677
2000,"us","mean_years_of_school",12.964
2000,"us","unemployment_",3.99
2000,"us","gini_coef",40.8903
2000,"us","GDP",48616.25463
2001,"brazil","crime_rate",13.43
2001,"brazil","exp_years_of_school",13.43
2001,"brazil","mean_years_of_school",5.45
2001,"brazil","unemployment_",10.65
2001,"brazil","gini_coef",58.255
2001,"brazil","GDP",6749.881603
2001,"canada","crime_rate",1.7869
2001,"canada","exp_years_of_school",15.68
2001,"canada","mean_years_of_school",12.657
2001,"canada","unemployment_",7.22
2001,"canada","gini_coef",33.4783
2001,"canada","GDP",38200.45611
2001,"costa_rica","crime_rate",6.3406
2001,"costa_rica","exp_years_of_school",11.612
2001,"costa_rica","mean_years_of_school",7.332
2001,"costa_rica","unemployment_",6.05
2001,"costa_rica","gini_coef",51.62
2001,"costa_rica","GDP",7768.438955
2001,"germany","crime_rate",1.4488
2001,"germany","exp_years_of_school",16.235
2001,"germany","mean_years_of_school",12.765
2001,"germany","unemployment_",7.77
2001,"germany","gini_coef",29.9388
2001,"germany","GDP",35011.06846
2001,"uk","crime_rate",1.6347
2001,"uk","exp_years_of_school",16.033
2001,"uk","mean_years_of_school",10.953
2001,"uk","unemployment_",4.7
2001,"uk","gini_coef",37.6216
2001,"uk","GDP",39768.66635
2001,"us","crime_rate",6.6672
2001,"us","exp_years_of_school",15.764
2001,"us","mean_years_of_school",12.929
2001,"us","unemployment_",4.73
2001,"us","gini_coef",40.4307
2001,"us","GDP",48597.42461
2002,"brazil","crime_rate",13.477
2002,"brazil","exp_years_of_school",13.477
2002,"brazil","mean_years_of_school",5.627
2002,"brazil","unemployment_",10.64
2002,"brazil","gini_coef",58.5445
2002,"brazil","GDP",6868.695907
2002,"canada","crime_rate",1.8581
2002,"canada","exp_years_of_school",15.6
2002,"canada","mean_years_of_school",12.789
2002,"canada","unemployment_",7.66
2002,"canada","gini_coef",33.031
2002,"canada","GDP",38921.6673
2002,"costa_rica","crime_rate",6.2582
2002,"costa_rica","exp_years_of_school",11.764
2002,"costa_rica","mean_years_of_school",7.486
2002,"costa_rica","unemployment_",6.4
2002,"costa_rica","gini_coef",51.2834
2002,"costa_rica","GDP",7898.633138
2002,"germany","crime_rate",1.439
2002,"germany","exp_years_of_school",16.307
2002,"germany","mean_years_of_school",13.11
2002,"germany","unemployment_",8.48
2002,"germany","gini_coef",29.0533
2002,"germany","GDP",34883.05807
2002,"uk","crime_rate",1.865
2002,"uk","exp_years_of_school",16.126
2002,"uk","mean_years_of_school",11.207
2002,"uk","unemployment_",5.04
2002,"uk","gini_coef",35.6394
2002,"uk","GDP",40310.30494
2002,"us","crime_rate",5.6282
2002,"us","exp_years_of_school",15.85
2002,"us","mean_years_of_school",12.894
2002,"us","unemployment_",5.78
2002,"us","gini_coef",40.2058
2002,"us","GDP",48967.36612
2003,"brazil","crime_rate",13.524
2003,"brazil","exp_years_of_school",13.524
2003,"brazil","mean_years_of_school",5.804
2003,"brazil","unemployment_",11.17
2003,"brazil","gini_coef",57.3095
2003,"brazil","GDP",6865.17325
2003,"canada","crime_rate",1.7363
2003,"canada","exp_years_of_school",15.52
2003,"canada","mean_years_of_school",12.922
2003,"canada","unemployment_",7.57
2003,"canada","gini_coef",33.9465
2003,"canada","GDP",39270.02345
2003,"costa_rica","crime_rate",7.1623
2003,"costa_rica","exp_years_of_school",11.917
2003,"costa_rica","mean_years_of_school",7.633
2003,"costa_rica","unemployment_",6.65
2003,"costa_rica","gini_coef",49.0545
2003,"costa_rica","GDP",8109.824897
2003,"germany","crime_rate",1.3485
2003,"germany","exp_years_of_school",16.378
2003,"germany","mean_years_of_school",13.455
2003,"germany","unemployment_",9.78
2003,"germany","gini_coef",29.293
2003,"germany","GDP",34619.66407
2003,"uk","crime_rate",1.5524
2003,"uk","exp_years_of_school",16.108
2003,"uk","mean_years_of_school",11.461
2003,"uk","unemployment_",4.81
2003,"uk","gini_coef",34.6063
2003,"uk","GDP",41385.54047
2003,"us","crime_rate",4.892882503
2003,"us","exp_years_of_school",15.936
2003,"us","mean_years_of_school",12.859
2003,"us","unemployment_",5.99
2003,"us","gini_coef",40.0072
2003,"us","GDP",49905.52331
2004,"brazil","crime_rate",13.571
2004,"brazil","exp_years_of_school",13.571
2004,"brazil","mean_years_of_school",5.981
2004,"brazil","unemployment_",10.07
2004,"brazil","gini_coef",56.16
2004,"brazil","GDP",7178.347485
2004,"canada","crime_rate",1.9585
2004,"canada","exp_years_of_school",15.44
2004,"canada","mean_years_of_school",13.054
2004,"canada","unemployment_",7.19
2004,"canada","gini_coef",33.6483
2004,"canada","GDP",40108.75874
2004,"costa_rica","crime_rate",6.5839
2004,"costa_rica","exp_years_of_school",12.069
2004,"costa_rica","mean_years_of_school",7.667
2004,"costa_rica","unemployment_",6.44
2004,"costa_rica","gini_coef",48.771
2004,"costa_rica","GDP",8340.829852
2004,"germany","crime_rate",1.3683
2004,"germany","exp_years_of_school",16.45
2004,"germany","mean_years_of_school",13.8
2004,"germany","unemployment_",10.73
2004,"germany","gini_coef",30.2587
2004,"germany","GDP",35034.08061
2004,"uk","crime_rate",1.5834
2004,"uk","exp_years_of_school",16.555
2004,"uk","mean_years_of_school",11.714
2004,"uk","unemployment_",4.59
2004,"uk","gini_coef",34.4158
2004,"uk","GDP",42149.27034
2004,"us","crime_rate",4.996351123
2004,"us","exp_years_of_school",16.022
2004,"us","mean_years_of_school",12.825
2004,"us","unemployment_",5.53
2004,"us","gini_coef",40.0537
2004,"us","GDP",51348.34734
2005,"brazil","crime_rate",13.618
2005,"brazil","exp_years_of_school",13.618
2005,"brazil","mean_years_of_school",6.15
2005,"brazil","unemployment_",10.55
2005,"brazil","gini_coef",56.9944
2005,"brazil","GDP",7325.90355
2005,"canada","crime_rate",2.0611
2005,"canada","exp_years_of_school",15.361
2005,"canada","mean_years_of_school",13.186
2005,"canada","unemployment_",6.76
2005,"canada","gini_coef",33.1806
2005,"canada","GDP",41006.22293
2005,"costa_rica","crime_rate",7.762
2005,"costa_rica","exp_years_of_school",12.34
2005,"costa_rica","mean_years_of_school",7.825
2005,"costa_rica","unemployment_",6.75
2005,"costa_rica","gini_coef",47.0344
2005,"costa_rica","GDP",8545.747274
2005,"germany","crime_rate",1.2855
2005,"germany","exp_years_of_school",16.522
2005,"germany","mean_years_of_school",13.704
2005,"germany","unemployment_",11.17
2005,"germany","gini_coef",31.4092
2005,"germany","GDP",35310.47047
2005,"uk","crime_rate",1.3812
2005,"uk","exp_years_of_school",16.613
2005,"uk","mean_years_of_school",11.968
2005,"uk","unemployment_",4.75
2005,"uk","gini_coef",35.5032
2005,"uk","GDP",43007.36292
2005,"us","crime_rate",5.452294181
2005,"us","exp_years_of_school",16.108
2005,"us","mean_years_of_school",12.83
2005,"us","unemployment_",5.08
2005,"us","gini_coef",40.2887
2005,"us","GDP",52649.57131
2006,"brazil","crime_rate",13.665
2006,"brazil","exp_years_of_school",13.665
2006,"brazil","mean_years_of_school",6.32
2006,"brazil","unemployment_",9.69
2006,"brazil","gini_coef",55.207
2006,"brazil","GDP",7534.5425
2006,"canada","crime_rate",1.8689
2006,"canada","exp_years_of_school",15.281
2006,"canada","mean_years_of_school",13.318
2006,"canada","unemployment_",6.48
2006,"canada","gini_coef",34.054
2006,"canada","GDP",41663.51231
2006,"costa_rica","crime_rate",8.017
2006,"costa_rica","exp_years_of_school",12.611
2006,"costa_rica","mean_years_of_school",7.837
2006,"costa_rica","unemployment_",5.93
2006,"costa_rica","gini_coef",49.061
2006,"costa_rica","GDP",9041.386796
2006,"germany","crime_rate",1.2171
2006,"germany","exp_years_of_school",16.593
2006,"germany","mean_years_of_school",13.603
2006,"germany","unemployment_",10.25
2006,"germany","gini_coef",31.196
2006,"germany","GDP",36699.44678
2006,"uk","crime_rate",1.4144
2006,"uk","exp_years_of_school",16.033
2006,"uk","mean_years_of_school",12.248
2006,"uk","unemployment_",5.35
2006,"uk","gini_coef",35.9987
2006,"uk","GDP",43711.15502
2006,"us","crime_rate",5.7744
2006,"us","exp_years_of_school",16.166
2006,"us","mean_years_of_school",12.912
2006,"us","unemployment_",4.62
2006,"us","gini_coef",41.59
2006,"us","GDP",53596.31524
2007,"brazil","crime_rate",13.713
2007,"brazil","exp_years_of_school",13.713
2007,"brazil","mean_years_of_school",6.502
2007,"brazil","unemployment_",9.28
2007,"brazil","gini_coef",54.8945
2007,"brazil","GDP",7909.825247
2007,"canada","crime_rate",1.8167
2007,"canada","exp_years_of_school",15.201
2007,"canada","mean_years_of_school",13.367
2007,"canada","unemployment_",6.16
2007,"canada","gini_coef",33.1008
2007,"canada","GDP",42106.87243
2007,"costa_rica","crime_rate",8.3108
2007,"costa_rica","exp_years_of_school",12.882
2007,"costa_rica","mean_years_of_school",8.013
2007,"costa_rica","unemployment_",4.56
2007,"costa_rica","gini_coef",49.286
2007,"costa_rica","GDP",9647.860895
2007,"germany","crime_rate",1.0938
2007,"germany","exp_years_of_school",16.665
2007,"germany","mean_years_of_school",13.68
2007,"germany","unemployment_",8.66
2007,"germany","gini_coef",31.709
2007,"germany","GDP",37842.35779
2007,"uk","crime_rate",1.4251
2007,"uk","exp_years_of_school",15.903
2007,"uk","mean_years_of_school",12.528
2007,"uk","unemployment_",5.26
2007,"uk","gini_coef",34.3147
2007,"uk","GDP",44508.6058
2007,"us","crime_rate",5.6576
2007,"us","exp_years_of_school",16.223
2007,"us","mean_years_of_school",12.951
2007,"us","unemployment_",4.62
2007,"us","gini_coef",40.5898
2007,"us","GDP",54152.82927
2008,"brazil","crime_rate",13.76
2008,"brazil","exp_years_of_school",13.76
2008,"brazil","mean_years_of_school",6.671
2008,"brazil","unemployment_",8.27
2008,"brazil","gini_coef",54.744
2008,"brazil","GDP",8231.100373
2008,"canada","crime_rate",1.8484
2008,"canada","exp_years_of_school",15.236
2008,"canada","mean_years_of_school",13.416
2008,"canada","unemployment_",6.28
2008,"canada","gini_coef",33.0567
2008,"canada","GDP",42067.5687
2008,"costa_rica","crime_rate",11.3729
2008,"costa_rica","exp_years_of_school",13.154
2008,"costa_rica","mean_years_of_school",8.288
2008,"costa_rica","unemployment_",4.93
2008,"costa_rica","gini_coef",48.0883
2008,"costa_rica","GDP",9966.04844
2008,"germany","crime_rate",1.0232
2008,"germany","exp_years_of_school",16.737
2008,"germany","mean_years_of_school",13.756
2008,"germany","unemployment_",7.52
2008,"germany","gini_coef",30.0265
2008,"germany","GDP",38278.31301
2008,"uk","crime_rate",1.2342
2008,"uk","exp_years_of_school",16.054
2008,"uk","mean_years_of_school",12.808
2008,"uk","unemployment_",5.62
2008,"uk","gini_coef",35.5124
2008,"uk","GDP",44060.0031
2008,"us","crime_rate",5.3861
2008,"us","exp_years_of_school",16.281
2008,"us","mean_years_of_school",12.99
2008,"us","unemployment_",5.78
2008,"us","gini_coef",40.9166
2008,"us","GDP",53703.9629
2009,"brazil","crime_rate",13.808
2009,"brazil","exp_years_of_school",13.808
2009,"brazil","mean_years_of_school",6.769
2009,"brazil","unemployment_",9.42
2009,"brazil","gini_coef",53.187
2009,"brazil","GDP",8142.761048
2009,"canada","crime_rate",1.8158
2009,"canada","exp_years_of_school",15.31
2009,"canada","mean_years_of_school",13.465
2009,"canada","unemployment_",8.46
2009,"canada","gini_coef",33.2153
2009,"canada","GDP",40376.41537
2009,"costa_rica","crime_rate",11.5053
2009,"costa_rica","exp_years_of_school",13.425
2009,"costa_rica","mean_years_of_school",8.36
2009,"costa_rica","unemployment_",7.82
2009,"costa_rica","gini_coef",50.479
2009,"costa_rica","GDP",9746.490696
2009,"germany","crime_rate",0.9882
2009,"germany","exp_years_of_school",16.808
2009,"germany","mean_years_of_school",13.828
2009,"germany","unemployment_",7.74
2009,"germany","gini_coef",30.9428
2009,"germany","GDP",36190.39289
2009,"uk","crime_rate",1.1343
2009,"uk","exp_years_of_school",16.221
2009,"uk","mean_years_of_school",13.088
2009,"uk","unemployment_",7.54
2009,"uk","gini_coef",35.7364
2009,"uk","GDP",41709.96617
2009,"us","crime_rate",4.9914
2009,"us","exp_years_of_school",16.338
2009,"us","mean_years_of_school",13.006
2009,"us","unemployment_",9.25
2009,"us","gini_coef",40.8335
2009,"us","GDP",51863.61834
2010,"brazil","crime_rate",13.856
2010,"brazil","exp_years_of_school",13.856
2010,"brazil","mean_years_of_school",6.878
2010,"brazil","unemployment_",8.426
2010,"brazil","gini_coef",51.87169405
2010,"brazil","GDP",8673.898383
2010,"canada","crime_rate",1.64
2010,"canada","exp_years_of_school",15.177
2010,"canada","mean_years_of_school",13.514
2010,"canada","unemployment_",8.18
2010,"canada","gini_coef",33.2603
2010,"canada","GDP",41164.33991
2010,"costa_rica","crime_rate",11.4014
2010,"costa_rica","exp_years_of_school",13.696
2010,"costa_rica","mean_years_of_school",8.231
2010,"costa_rica","unemployment_",7.17
2010,"costa_rica","gini_coef",48.3102
2010,"costa_rica","GDP",10137.58217
2010,"germany","crime_rate",0.9751
2010,"germany","exp_years_of_school",16.88
2010,"germany","mean_years_of_school",13.852
2010,"germany","unemployment_",6.97
2010,"germany","gini_coef",30.8413
2010,"germany","GDP",37760.91363
2010,"uk","crime_rate",1.2046
2010,"uk","exp_years_of_school",16.459
2010,"uk","mean_years_of_school",13.213
2010,"uk","unemployment_",7.79
2010,"uk","gini_coef",33.56
2010,"uk","GDP",42310.74991
2010,"us","crime_rate",4.731
2010,"us","exp_years_of_school",16.396
2010,"us","mean_years_of_school",13.052
2010,"us","unemployment_",9.63
2010,"us","gini_coef",40.7547
2010,"us","GDP",52821.40476
2011,"brazil","crime_rate",13.905
2011,"brazil","exp_years_of_school",13.905
2011,"brazil","mean_years_of_school",7.006
2011,"brazil","unemployment_",7.58
2011,"brazil","gini_coef",52.164
2011,"brazil","GDP",8935.277314
2011,"canada","crime_rate",1.7743
2011,"canada","exp_years_of_school",15.243
2011,"canada","mean_years_of_school",13.563
2011,"canada","unemployment_",7.64
2011,"canada","gini_coef",32.7078
2011,"canada","GDP",42043.64196
2011,"costa_rica","crime_rate",10.1284
2011,"costa_rica","exp_years_of_school",13.967
2011,"costa_rica","mean_years_of_school",8.351
2011,"costa_rica","unemployment_",9.52
2011,"costa_rica","gini_coef",48.928
2011,"costa_rica","GDP",10453.52257
2011,"germany","crime_rate",0.9064
2011,"germany","exp_years_of_school",16.952
2011,"germany","mean_years_of_school",13.931
2011,"germany","unemployment_",5.82
2011,"germany","gini_coef",30.0505
2011,"germany","GDP",39977.34171
2011,"uk","crime_rate",1.0129
2011,"uk","exp_years_of_school",15.78
2011,"uk","mean_years_of_school",13.188
2011,"uk","unemployment_",8.04
2011,"uk","gini_coef",33.1085
2011,"uk","GDP",42462.10673
2011,"us","crime_rate",4.6709
2011,"us","exp_years_of_school",16.454
2011,"us","mean_years_of_school",13.103
2011,"us","unemployment_",8.95
2011,"us","gini_coef",40.4193
2011,"us","GDP",53259.25521
2012,"brazil","crime_rate",13.953
2012,"brazil","exp_years_of_school",13.953
2012,"brazil","mean_years_of_school",7.216
2012,"brazil","unemployment_",7.25
2012,"brazil","gini_coef",53.5296
2012,"brazil","GDP",9025.313996
2012,"canada","crime_rate",1.5825
2012,"canada","exp_years_of_school",15.727
2012,"canada","mean_years_of_school",13.597
2012,"canada","unemployment_",7.39
2012,"canada","gini_coef",33.9012
2012,"canada","GDP",42320.64313
2012,"costa_rica","crime_rate",8.5927
2012,"costa_rica","exp_years_of_school",14.134
2012,"costa_rica","mean_years_of_school",8.412
2012,"costa_rica","unemployment_",9.11
2012,"costa_rica","gini_coef",48.734
2012,"costa_rica","GDP",10832.75676
2012,"germany","crime_rate",0.8081
2012,"germany","exp_years_of_school",17.023
2012,"germany","mean_years_of_school",13.978
2012,"germany","unemployment_",5.38
2012,"germany","gini_coef",31.579
2012,"germany","GDP",40069.35396
2012,"uk","crime_rate",0.9826
2012,"uk","exp_years_of_school",15.698
2012,"uk","mean_years_of_school",13.339
2012,"uk","unemployment_",7.88
2012,"uk","gini_coef",33.0645
2012,"uk","GDP",42805.84252
2012,"us","crime_rate",4.6916
2012,"us","exp_years_of_school",16.511
2012,"us","mean_years_of_school",13.141
2012,"us","unemployment_",8.07
2012,"us","gini_coef",40.412
2012,"us","GDP",54080.22865
2013,"brazil","crime_rate",15.245
2013,"brazil","exp_years_of_school",15.245
2013,"brazil","mean_years_of_school",7.287
2013,"brazil","unemployment_",7.07
2013,"brazil","gini_coef",52.333
2013,"brazil","GDP",9216.13228
2013,"canada","crime_rate",1.4516
2013,"canada","exp_years_of_school",15.827
2013,"canada","mean_years_of_school",13.63
2013,"canada","unemployment_",7.14
2013,"canada","gini_coef",33.898
2013,"canada","GDP",42851.17053
2013,"costa_rica","crime_rate",8.5776
2013,"costa_rica","exp_years_of_school",14.339
2013,"costa_rica","mean_years_of_school",8.581
2013,"costa_rica","unemployment_",8.22
2013,"costa_rica","gini_coef",49.1823
2013,"costa_rica","GDP",10975.69637
2013,"germany","crime_rate",0.835
2013,"germany","exp_years_of_school",17.095
2013,"germany","mean_years_of_school",14.01
2013,"germany","unemployment_",5.23
2013,"germany","gini_coef",31.3598
2013,"germany","GDP",40135.01583
2013,"uk","crime_rate",0.9378
2013,"uk","exp_years_of_school",17.668
2013,"uk","mean_years_of_school",12.834
2013,"uk","unemployment_",7.52
2013,"uk","gini_coef",32.9567
2013,"uk","GDP",43282.20975
2013,"us","crime_rate",4.4834
2013,"us","exp_years_of_school",16.569
2013,"us","mean_years_of_school",13.2
2013,"us","unemployment_",7.37
2013,"us","gini_coef",40.9238
2013,"us","GDP",54844.24258
2014,"brazil","crime_rate",15.368
2014,"brazil","exp_years_of_school",15.368
2014,"brazil","mean_years_of_school",7.379
2014,"brazil","unemployment_",6.76
2014,"brazil","gini_coef",52.964
2014,"brazil","GDP",9183.459727
2014,"canada","crime_rate",1.4829
2014,"canada","exp_years_of_school",15.876
2014,"canada","mean_years_of_school",13.664
2014,"canada","unemployment_",7.02
2014,"canada","gini_coef",33.7605
2014,"canada","GDP",43643.23565
2014,"costa_rica","crime_rate",9.8466
2014,"costa_rica","exp_years_of_school",14.635
2014,"costa_rica","mean_years_of_school",8.75
2014,"costa_rica","unemployment_",8.5
2014,"costa_rica","gini_coef",48.214
2014,"costa_rica","GDP",11240.71159
2014,"germany","crime_rate",0.8747
2014,"germany","exp_years_of_school",17.118
2014,"germany","mean_years_of_school",14.037
2014,"germany","unemployment_",4.98
2014,"germany","gini_coef",30.7794
2014,"germany","GDP",40851.16173
2014,"uk","crime_rate",0.9093
2014,"uk","exp_years_of_school",17.502
2014,"uk","mean_years_of_school",12.889
2014,"uk","unemployment_",6.11
2014,"uk","gini_coef",33.094
2014,"uk","GDP",44337.67864
2014,"us","crime_rate",4.3983
2014,"us","exp_years_of_school",16.56
2014,"us","mean_years_of_school",13.225
2014,"us","unemployment_",6.17
2014,"us","gini_coef",41.8022
2014,"us","GDP",55817.56325
2015,"brazil","crime_rate",15.245
2015,"brazil","exp_years_of_school",15.245
2015,"brazil","mean_years_of_school",7.507
2015,"brazil","unemployment_",8.54
2015,"brazil","gini_coef",51.6446
2015,"brazil","GDP",8783.215424
2015,"canada","crime_rate",1.7099
2015,"canada","exp_years_of_school",15.953
2015,"canada","mean_years_of_school",13.698
2015,"canada","unemployment_",6.95
2015,"canada","gini_coef",33.6484
2015,"canada","GDP",43594.1941
2015,"costa_rica","crime_rate",11.3784
2015,"costa_rica","exp_years_of_school",14.693
2015,"costa_rica","mean_years_of_school",8.585
2015,"costa_rica","unemployment_",8.42
2015,"costa_rica","gini_coef",48.4
2015,"costa_rica","GDP",11529.95517
2015,"germany","crime_rate",0.831
2015,"germany","exp_years_of_school",17.112
2015,"germany","mean_years_of_school",14.082
2015,"germany","unemployment_",4.62
2015,"germany","gini_coef",31.3914
2015,"germany","GDP",41103.25644
2015,"uk","crime_rate",0.9996
2015,"uk","exp_years_of_school",17.308
2015,"uk","mean_years_of_school",12.98
2015,"uk","unemployment_",5.3
2015,"uk","gini_coef",33.1963
2015,"uk","GDP",44964.39114
2015,"us","crime_rate",4.893
2015,"us","exp_years_of_school",16.596
2015,"us","mean_years_of_school",13.252
2015,"us","unemployment_",5.28
2015,"us","gini_coef",41.5605
2015,"us","GDP",57040.20821
2016,"brazil","crime_rate",15.294
2016,"brazil","exp_years_of_school",15.294
2016,"brazil","mean_years_of_school",7.731
2016,"brazil","unemployment_",11.58
2016,"brazil","gini_coef",53.71
2016,"brazil","GDP",8426.843221
2016,"canada","crime_rate",1.7057
2016,"canada","exp_years_of_school",15.933
2016,"canada","mean_years_of_school",13.732
2016,"canada","unemployment_",7.04
2016,"canada","gini_coef",32.1823
2016,"canada","GDP",43551.3426
2016,"costa_rica","crime_rate",11.6881
2016,"costa_rica","exp_years_of_school",14.818
2016,"costa_rica","mean_years_of_school",8.564
2016,"costa_rica","unemployment_",8.09
2016,"costa_rica","gini_coef",48.4153
2016,"costa_rica","GDP",11893.32325
2016,"germany","crime_rate",1.1697
2016,"germany","exp_years_of_school",16.875
2016,"germany","mean_years_of_school",14.132
2016,"germany","unemployment_",4.12
2016,"germany","gini_coef",31.309
2016,"germany","GDP",41682.03224
2016,"uk","crime_rate",1.2017
2016,"uk","exp_years_of_school",17.36
2016,"uk","mean_years_of_school",13.071
2016,"uk","unemployment_",4.81
2016,"uk","gini_coef",33.9283
2016,"uk","GDP",45482.17829
2016,"us","crime_rate",5.3217
2016,"us","exp_years_of_school",16.673
2016,"us","mean_years_of_school",13.343
2016,"us","unemployment_",4.87
2016,"us","gini_coef",41.8968
2016,"us","GDP",57658.67088
2017,"brazil","crime_rate",15.407
2017,"brazil","exp_years_of_school",15.407
2017,"brazil","mean_years_of_school",7.852
2017,"brazil","unemployment_",12.79
2017,"brazil","gini_coef",53.1064
2017,"brazil","GDP",8470.940604
2017,"canada","crime_rate",1.8192
2017,"canada","exp_years_of_school",15.999
2017,"canada","mean_years_of_school",13.766
2017,"canada","unemployment_",6.43
2017,"canada","gini_coef",33.8205
2017,"canada","GDP",44339.38867
2017,"costa_rica","crime_rate",12.0749
2017,"costa_rica","exp_years_of_school",15.063
2017,"costa_rica","mean_years_of_school",8.644
2017,"costa_rica","unemployment_",7.73
2017,"costa_rica","gini_coef",48.524
2017,"costa_rica","GDP",12267.16204
2017,"germany","crime_rate",0.984
2017,"germany","exp_years_of_school",16.99
2017,"germany","mean_years_of_school",14.105
2017,"germany","unemployment_",3.75
2017,"germany","gini_coef",31.4865
2017,"germany","GDP",42639.55441
2017,"uk","crime_rate",1.2246
2017,"uk","exp_years_of_school",17.412
2017,"uk","mean_years_of_school",13.161
2017,"uk","unemployment_",4.33
2017,"uk","gini_coef",32.817
2017,"uk","GDP",46373.63853
2017,"us","crime_rate",5.2439
2017,"us","exp_years_of_school",16.672
2017,"us","mean_years_of_school",13.413
2017,"us","unemployment_",4.36
2017,"us","gini_coef",41.7237
2017,"us","GDP",58703.14408
2018,"brazil","crime_rate",15.504
2018,"brazil","exp_years_of_school",15.504
2018,"brazil","mean_years_of_school",7.982
2018,"brazil","unemployment_",12.33
2018,"brazil","gini_coef",53.832
2018,"brazil","GDP",8553.865902
2018,"canada","crime_rate",1.7875
2018,"canada","exp_years_of_school",15.934
2018,"canada","mean_years_of_school",13.8
2018,"canada","unemployment_",5.84
2018,"canada","gini_coef",32.927
2018,"canada","GDP",44907.34368
2018,"costa_rica","crime_rate",11.6055
2018,"costa_rica","exp_years_of_school",15.228
2018,"costa_rica","mean_years_of_school",8.723
2018,"costa_rica","unemployment_",9.01
2018,"costa_rica","gini_coef",47.0015
2018,"costa_rica","GDP",12470.95742
2018,"germany","crime_rate",0.9506
2018,"germany","exp_years_of_school",17.042
2018,"germany","mean_years_of_school",14.077
2018,"germany","unemployment_",3.38
2018,"germany","gini_coef",31.2115
2018,"germany","GDP",42928.74124
2018,"uk","crime_rate",1.1365
2018,"uk","exp_years_of_school",17.151
2018,"uk","mean_years_of_school",13.243
2018,"uk","unemployment_",4
2018,"uk","gini_coef",33.9743
2018,"uk","GDP",46740.55359
2018,"us","crime_rate",4.9298
2018,"us","exp_years_of_school",16.643
2018,"us","mean_years_of_school",13.502
2018,"us","unemployment_",3.9
2018,"us","gini_coef",41.517
2018,"us","GDP",60127.21028
2019,"brazil","crime_rate",15.449
2019,"brazil","exp_years_of_school",15.449
2019,"brazil","mean_years_of_school",8.129
2019,"brazil","unemployment_",11.94
2019,"brazil","gini_coef",53.931
2019,"brazil","GDP",8592.211207
2019,"canada","crime_rate",1.8362
2019,"canada","exp_years_of_school",15.933
2019,"canada","mean_years_of_school",13.834
2019,"canada","unemployment_",5.69
2019,"canada","gini_coef",31.9648
2019,"canada","GDP",45100.29149
2019,"costa_rica","crime_rate",11.0728
2019,"costa_rica","exp_years_of_school",15.838
2019,"costa_rica","mean_years_of_school",8.764
2019,"costa_rica","unemployment_",10.81
2019,"costa_rica","gini_coef",48.988
2019,"costa_rica","GDP",12662.42285
2019,"germany","crime_rate",0.7493
2019,"germany","exp_years_of_school",17.224
2019,"germany","mean_years_of_school",14.167
2019,"germany","unemployment_",3.14
2019,"germany","gini_coef",31.0925
2019,"germany","GDP",43292.68389
2019,"uk","crime_rate",1.1501
2019,"uk","exp_years_of_school",17.179
2019,"uk","mean_years_of_school",13.325
2019,"uk","unemployment_",3.74
2019,"uk","gini_coef",32.4126
2019,"uk","GDP",47240.59962
2019,"us","crime_rate",4.9859
2019,"us","exp_years_of_school",16.636
2019,"us","mean_years_of_school",13.593
2019,"us","unemployment_",3.67
2019,"us","gini_coef",41.3518
2019,"us","GDP",61330.64598
2020,"brazil","crime_rate",15.446
2020,"brazil","exp_years_of_school",15.446
2020,"brazil","mean_years_of_school",8.278
2020,"brazil","unemployment_",13.7
2020,"brazil","gini_coef",48.2002
2020,"brazil","GDP",8255.568013
2020,"canada","crime_rate",2.0032
2020,"canada","exp_years_of_school",15.945
2020,"canada","mean_years_of_school",13.869
2020,"canada","unemployment_",9.66
2020,"canada","gini_coef",NA
2020,"canada","GDP",42366.12852
2020,"costa_rica","crime_rate",11.1261
2020,"costa_rica","exp_years_of_school",16.092
2020,"costa_rica","mean_years_of_school",8.804
2020,"costa_rica","unemployment_",16.43
2020,"costa_rica","gini_coef",49.514
2020,"costa_rica","GDP",12030.04859
2020,"germany","crime_rate",0.9384
2020,"germany","exp_years_of_school",17.226
2020,"germany","mean_years_of_school",14.256
2020,"germany","unemployment_",3.86
2020,"germany","gini_coef",32.345
2020,"germany","GDP",41601.97316
2020,"uk","crime_rate",1.0036
2020,"uk","exp_years_of_school",17.168
2020,"uk","mean_years_of_school",13.406
2020,"uk","unemployment_",4.472
2020,"uk","gini_coef",32.4516
2020,"uk","GDP",42191.91737
2020,"us","crime_rate",6.4208
2020,"us","exp_years_of_school",16.627
2020,"us","mean_years_of_school",13.683
2020,"us","unemployment_",8.05
2020,"us","gini_coef",39.2114
2020,"us","GDP",59394.77833
2021,"brazil","crime_rate",15.579
2021,"brazil","exp_years_of_school",15.579
2021,"brazil","mean_years_of_school",8.278
2021,"brazil","unemployment_",13.16
2021,"brazil","gini_coef",52.8724
2021,"brazil","GDP",8603.152214
2021,"canada","crime_rate",2.0653
2021,"canada","exp_years_of_school",15.961
2021,"canada","mean_years_of_school",13.869
2021,"canada","unemployment_",7.53
2021,"canada","gini_coef",NA
2021,"canada","GDP",44359.61673
2021,"costa_rica","crime_rate",11.4087
2021,"costa_rica","exp_years_of_school",16.092
2021,"costa_rica","mean_years_of_school",8.804
2021,"costa_rica","unemployment_",15.14
2021,"costa_rica","gini_coef",48.8052
2021,"costa_rica","GDP",12906.99704
2021,"germany","crime_rate",0.8332
2021,"germany","exp_years_of_school",17.343
2021,"germany","mean_years_of_school",14.256
2021,"germany","unemployment_",3.64
2021,"germany","gini_coef",31
2021,"germany","GDP",42900.02252
2021,"uk","crime_rate",NA
2021,"uk","exp_years_of_school",17.634
2021,"uk","mean_years_of_school",13.406
2021,"uk","unemployment_",4.826
2021,"uk","gini_coef",32.4576
2021,"uk","GDP",45889.61102
2021,"us","crime_rate",6.8075
2021,"us","exp_years_of_school",16.413
2021,"us","mean_years_of_school",13.575
2021,"us","unemployment_",5.35
2021,"us","gini_coef",39.6464
2021,"us","GDP",62741.00181
2022,"brazil","crime_rate",15.579
2022,"brazil","exp_years_of_school",15.579
2022,"brazil","mean_years_of_school",8.278
2022,"brazil","unemployment_",9.23
2022,"brazil","gini_coef",52.522
2022,"brazil","GDP",8822.045043
2022,"canada","crime_rate",NA
2022,"canada","exp_years_of_school",15.961
2022,"canada","mean_years_of_school",13.869
2022,"canada","unemployment_",5.28
2022,"canada","gini_coef",NA
2022,"canada","GDP",45227.14474
2022,"costa_rica","crime_rate",NA
2022,"costa_rica","exp_years_of_school",16.092
2022,"costa_rica","mean_years_of_school",8.804
2022,"costa_rica","unemployment_",NA
2022,"costa_rica","gini_coef",47.1324
2022,"costa_rica","GDP",13424.4647
2022,"germany","crime_rate",NA
2022,"germany","exp_years_of_school",17.343
2022,"germany","mean_years_of_school",14.256
2022,"germany","unemployment_",3.14
2022,"germany","gini_coef",32
2022,"germany","GDP",43361.17712
2022,"uk","crime_rate",NA
2022,"uk","exp_years_of_school",17.634
2022,"uk","mean_years_of_school",13.406
2022,"uk","unemployment_",3.73
2022,"uk","gini_coef",32
2022,"uk","GDP",47343.47438
2022,"us","crime_rate",NA
2022,"us","exp_years_of_school",16.413
2022,"us","mean_years_of_school",13.575
2022,"us","unemployment_",3.65
2022,"us","gini_coef",41.4125
2022,"us","GDP",63720.76416
